id,age,city
1,1,San Isidro
2,2,Vrbice
3,3,Rakhmanovo
4,4,Lubenec
5,5,Rodópoli
6,6,Fort Worth
7,7,Misheronskiy
8,8,Bouca
9,9,Datarsitu
10,10,Tibillo
11,11,Iksha
12,12,Cabuyao
13,13,Wanzu
14,14,Hagonoy
15,15,Kouvarás
16,16,Bulumulyo
17,17,Longtang
18,18,Evxinoúpolis
19,19,San Isidro
20,20,Dobra
21,21,Karangagung Timur
22,22,Taipingxu
23,23,Mikstat
24,24,Godong
25,25,Oksa
26,26,Orlando
27,27,Tubo
28,28,Marčelji
29,29,São Torcato
30,30,Hoorn
31,31,Anding
32,32,Крива Паланка
33,33,Buenavista
34,34,Libuganon
35,35,Pacajus
36,36,Nepalgunj
37,37,Támara
38,38,Putrajaya
39,39,Jieheshi
40,40,Kajuru
41,41,Huanggong
42,42,Pacucha
43,43,Xuelu
44,44,Batulawang
45,45,Orléans
46,46,Wolin
47,47,Gaoyan
48,48,Neftegorsk
49,49,El Bálsamo
50,50,Ambatolaona
51,51,Mutis
52,52,Ābdānān
53,53,Bhāndāria
54,54,Gejiu
55,55,Rudo
56,56,Fushun
57,57,Gerelayang
58,58,Barra do Corda
59,59,Jinzhou
60,60,Sizao
61,61,Cucuyagua
62,62,Kasoa
63,63,Malati
64,64,Chivor
65,65,Jiangtun
66,66,Sedlčany
67,67,Kahrīz
68,68,Kujang
69,69,Tankhoy
70,70,Sumusţā as Sulţānī
71,71,Rotterdam
72,72,Pueblo Nuevo
73,73,Nizhnevartovsk
74,74,Hanbin
75,75,Sida
76,76,Pickering
77,77,Ondores
78,78,Omiš
79,79,Thị Trấn Mù Cang Chải
80,80,Phú Khương
81,81,Washington
82,82,Tala
83,83,Sanjiang
84,84,Matagalpa
85,85,Santo Tomé
86,86,Circasia
87,87,Ronneby
88,88,Cangkuang
89,89,Zengtian
90,90,Fougamou
91,91,Jiaohu
92,92,Batgrām
93,93,Xinyang
94,94,Kaduheuleut
95,95,Tashtagol
96,96,Menlou’ao
97,97,Moyogalpa
98,98,Le Tampon
99,99,Krajan
100,100,Al Mawşil al Jadīdah
101,101,Jalālpur
102,102,Puan
103,103,Kalisari
104,104,La Cruz de Taratara
105,105,Jinkou
106,106,Sanguinheira
107,107,Sunampe
108,108,El Banco
109,109,Milanów
110,110,Itajubá
111,111,Nong Bun Nak
112,112,Písečná
113,113,Kudirkos Naumiestis
114,114,Toulouse
115,115,Trenggulunan
116,116,Airmata
117,117,Marigot
118,118,Viitasaari
119,119,Sydney
120,120,Boituva
121,121,Bayanhoshuu
122,122,Mahuta
123,123,Vityazevo
124,124,Qila Saifullāh
125,125,Sumberpandan
126,126,Cabo
127,127,Blagodatnoye
128,128,Jixin
129,129,Bunia
130,130,Bontang
131,131,Guisser
132,132,Ar Rawḑah
133,133,Rumphi
134,134,Krasnodar
135,135,Nanyang
136,136,Mankono
137,137,Bungkal
138,138,Kinloch
139,139,Buenos Aires
140,140,Sentul
141,141,Jalgung
142,142,Cabarroguis
143,143,Sadovo
144,144,Bulls
145,145,Tucurú
146,146,Tarata
147,147,Karaundi
148,148,Mendez-Nuñez
149,149,Jindayris
150,150,Minato
151,151,Kutamangu
152,152,Czechowice-Dziedzice
153,153,Kosum Phisai
154,154,Pasararba
155,155,Leyuan
156,156,Kävlinge
157,157,Matanza
158,158,Kälviä
159,159,Saribudolok
160,160,Żórawina
161,161,Ajuda
162,162,Stepnogorsk
163,163,Karangarjo
164,164,Nadrupe
165,165,Lasiana
166,166,Diriamba
167,167,Taobei
168,168,Veliki Grđevac
169,169,Machachi
170,170,Muara Sabak
171,171,Sumberkindagan
172,172,Centenary
173,173,Vistino
174,174,Lubasz
175,175,Corozal
176,176,Chengdong
177,177,Az Zuwaytīnah
178,178,Ulme
179,179,Tungi
180,180,Zahedan
181,181,Lyon
182,182,Mernek
183,183,Bozkow
184,184,Žrnovo
185,185,Ishiki
186,186,Seremban
187,187,Komletinci
188,188,Prado
189,189,Celestynów
190,190,Sankeyushu
191,191,Newtown
192,192,Zhanghua
193,193,Futang
194,194,Śliwice
195,195,Tsumeb
196,196,Hyères
197,197,Loyola
198,198,Salamá
199,199,Carmen
200,200,Thị Trấn Bình Mỹ
201,201,Čoka
202,202,Zátor
203,203,Maliiha
204,204,Dimitsána
205,205,Chengxi
206,206,Wang Nam Yen
207,207,Neya
208,208,Tamiso
209,209,Jinchuan
210,210,São Gabriel
211,211,Bang Ban
212,212,Ingenio La Esperanza
213,213,Yefimovskiy
214,214,San Bernardo
215,215,Santo Domingo
216,216,Nagrog Wetan
217,217,Ternopil’
218,218,Ambositra
219,219,Lyon
220,220,Palangkaraya
221,221,Santiago
222,222,Yokkaichi
223,223,Tahoua
224,224,Pathum Thani
225,225,Longquan
226,226,Irecê
227,227,Không
228,228,Kari
229,229,Cochrane
230,230,Varniai
231,231,Yanglong
232,232,Nāḩiyat as Sab‘ Biyār
233,233,Sibucao
234,234,Aughrim
235,235,Puerto Varas
236,236,Santa Lucía Cotzumalguapa
237,237,Ban Khlong Bang Sao Thong
238,238,Zhouyuan
239,239,Maguan
240,240,Xialaxiu
241,241,Solna
242,242,Ponce
243,243,Belverde
244,244,Heliconia
245,245,Qiganjidie
246,246,Jinshi
247,247,Nuevo Arraiján
248,248,Carot
249,249,Onomichi
250,250,Sesheke
251,251,Longquan
252,252,Yejia
253,253,Orlando
254,254,Łopuszno
255,255,Xinan
256,256,Bang Nam Priao
257,257,Corcuera
258,258,Liwu
259,259,Kukichūō
260,260,Hägersten
261,261,Bom Sucesso
262,262,Kelowna
263,263,Zhabagly
264,264,Peña Blanca
265,265,Kirkland Lake
266,266,Andapa
267,267,Wucheng
268,268,Markópoulo Oropoú
269,269,Masākin
270,270,Pueblo Nuevo
271,271,Thawat Buri
272,272,Botucatu
273,273,Tabira
274,274,Krzynowłoga Mała
275,275,Kadugede
276,276,Petrolera
277,277,Casa Nova
278,278,Jinfeng
279,279,Puente Alto
280,280,Czudec
281,281,Mertani
282,282,Bothaville
283,283,Zamoskvorech’ye
284,284,Gan Yavne
285,285,Novosel’ye
286,286,Tam Bình
287,287,Mēga
288,288,Nikolayevka
289,289,Yonago
290,290,Orléans
291,291,Torez
292,292,Ramaram
293,293,Choya
294,294,Lille
295,295,Itapetininga
296,296,Paris La Défense
297,297,Nuštar
298,298,Basey
299,299,Linköping
300,300,Ojos de Agua
301,301,Haparanda
302,302,Nanjie
303,303,Shimoda
304,304,Al Mazzūnah
305,305,Hudson
306,306,Stockholm
307,307,Czarna
308,308,Gračanica
309,309,Disūq
310,310,Savannah
311,311,Yujia
312,312,Iroquois Falls
313,313,Frederiksberg
314,314,Pasrūr
315,315,Samashki
316,316,Sosnovyy Bor
317,317,Wufeng
318,318,San José
319,319,Brescia
320,320,Reisdorf
321,321,Wuxihe
322,322,Xiadian
323,323,Cipanjang
324,324,Jabat
325,325,Kawaguchi
326,326,Albuquerque
327,327,Paingar
328,328,Ijero-Ekiti
329,329,Sittwe
330,330,Kristiansand S
331,331,Gumawang
332,332,San Antonio
333,333,Pryyutivka
334,334,Minakuchi
335,335,San Jacinto
336,336,Duogongma
337,337,Xianxiang
338,338,Kabor
339,339,Kekeran
340,340,Mucifal
341,341,Tōbetsu
342,342,Bacnar
343,343,Svetlanovskiy
344,344,Dukoh
345,345,Cagnes-sur-Mer
346,346,Nyköping
347,347,Santol
348,348,Tongguan
349,349,Yi’an
350,350,Novaya Lyalya
351,351,Cikondang
352,352,Vallenar
353,353,Sūrak
354,354,Kota Kinabalu
355,355,Nurlat
356,356,Miguelópolis
357,357,Zevgolateió
358,358,Parnamirim
359,359,Linggou
360,360,Shenkou
361,361,Ferrol
362,362,Ma’ao
363,363,Taclobo
364,364,Cirateun
365,365,Pelabuhanratu
366,366,Cepões
367,367,Podhum
368,368,Baras
369,369,Suining
370,370,Lashkar Gāh
371,371,Bārkhān
372,372,Presidente Prudente
373,373,Zhutian
374,374,Saint-Brieuc
375,375,Eindhoven
376,376,Huibu
377,377,Sanchang
378,378,Cerme Kidul
379,379,Skrzyszów
380,380,Lewolere
381,381,Kańczuga
382,382,Wincrange
383,383,La Suiza
384,384,Talambung Laok
385,385,Kýria
386,386,Jawand
387,387,Matara
388,388,Toong
389,389,Guitang
390,390,Guantou
391,391,Hässelby
392,392,Cereté
393,393,Catamayo
394,394,Lansing
395,395,Dzhalka
396,396,Dakingari
397,397,Bodø
398,398,Novogireyevo
399,399,Gansa
400,400,Al Majd
401,401,Itapeva
402,402,La’ershan
403,403,Sayaxché
404,404,Bella Vista
405,405,Borås
406,406,Vale de Figueira
407,407,Kefar Shemaryahu
408,408,Leping
409,409,Qarqania
410,410,Calsib
411,411,Tadianjie
412,412,Ncue
413,413,Mesopotamía
414,414,Velké Meziříčí
415,415,Mayumba
416,416,Tal’ne
417,417,Saga
418,418,Cantaura
419,419,Figueiras
420,420,Xiugu
421,421,Acao
422,422,Houten
423,423,Sotnikovskoye
424,424,Bauchi
425,425,General Lavalle
426,426,Rybarzowice
427,427,Farroupilha
428,428,Lons-le-Saunier
429,429,Čajetina
430,430,Cache Creek
431,431,Míthymna
432,432,Xinheng
433,433,Al Mazzūnah
434,434,Lebak
435,435,Imām Şāḩib
436,436,Donegal
437,437,Tulay
438,438,Drahovo
439,439,Fengmu
440,440,Elefsína
441,441,Cikadu
442,442,Iguig
443,443,Shchastya
444,444,Agualva
445,445,Sandaohezi
446,446,Krueng Luak
447,447,Tervel
448,448,Rattanaburi
449,449,Jiazi
450,450,General Alvear
451,451,Nancy
452,452,Kamiichi
453,453,Buenavista
454,454,Chapimarca
455,455,Ängelholm
456,456,Khursā
457,457,Mbala
458,458,Świlcza
459,459,Tibro
460,460,Muurla
461,461,Kama
462,462,Loufan
463,463,Āstārā
464,464,Dubreuil
465,465,Xinsheng
466,466,Fengjiang
467,467,Catayauan
468,468,Beijiang
469,469,Poteran
470,470,Gimcheon
471,471,Kastornoye
472,472,Nglengkir
473,473,Siedleczka
474,474,Včelná
475,475,Jeziorzany
476,476,Bunobogu
477,477,Bajo Naranjillo
478,478,Saint-Rémy-de-Provence
479,479,Vievis
480,480,Sonsón
481,481,Cubatão
482,482,Xinshiba
483,483,Sanzao
484,484,Oljoq
485,485,San Diego
486,486,Muaratiga
487,487,Quinta da Courela
488,488,Touho
489,489,Karanganyarkrajan
490,490,Ban Phaeo
491,491,Valka
492,492,Aliuroba
493,493,Wielka Wieś
494,494,Santo Domingo
495,495,Guatire
496,496,Bessonovka
497,497,Jindou
498,498,Paringin
499,499,Henan’an
500,500,Bundibugyo
501,501,Fox Creek
502,502,Lihu
503,503,Ranisoba
504,504,Changliang
505,505,Requena
506,506,Kalabo
507,507,Bacelo
508,508,Jiazi
509,509,Criciúma
510,510,Negotino
511,511,Fushan
512,512,Chignayhua
513,513,Cotabato
514,514,Cemplang
515,515,Lindavista
516,516,Tashanta
517,517,Tartouss
518,518,Krajan
519,519,Sloboda
520,520,Santo Domingo
521,521,Donggang
522,522,Qingyang
523,523,San Jose
524,524,Xiaoxiang
525,525,Chuanbu
526,526,Semikarakorsk
527,527,Vannes
528,528,Pocpo
529,529,Minato
530,530,Hezhai
531,531,Dún Laoghaire
532,532,Subusub
533,533,Reno
534,534,Lanta Timur
535,535,Gushikawa
536,536,Novi Sad
537,537,Thị Trấn Tủa Chùa
538,538,El Soberbio
539,539,Domaradz
540,540,Feteira Pequena
541,541,Okhotsk
542,542,Maroantsetra
543,543,Batelov
544,544,Moravče
545,545,Moroni
546,546,Cikubang
547,547,Pahārpur
548,548,Huayang
549,549,São Francisco do Conde
550,550,Querobamba
551,551,Vitry-sur-Seine
552,552,Zhongba
553,553,Skinnskatteberg
554,554,Mýki
555,555,Kassel
556,556,Oujda
557,557,Horizonte
558,558,Mutoko
559,559,Roanoke
560,560,Aryiropoúlion
561,561,Lodwar
562,562,Longcheng
563,563,Binitayan
564,564,Muslyumovo
565,565,Kovači
566,566,Cuamba
567,567,Sorinomo
568,568,Arísvi
569,569,Numan
570,570,Ḩajjah
571,571,Mintian
572,572,Wólka Pełkińska
573,573,Shazhouba
574,574,Isnos
575,575,Estribeiro
576,576,Itaguaí
577,577,Myhiya
578,578,Qingkenpao
579,579,Floreşti
580,580,Shimotoda
581,581,Mnogoudobnoye
582,582,Baihe
583,583,Huangzhai
584,584,Minas de Matahambre
585,585,Kaltan
586,586,Perpignan
587,587,Vychegodskiy
588,588,Bom Despacho
589,589,Golem
590,590,Magang
591,591,Kafr Qūd
592,592,Chinchaypujio
593,593,Остров Пасхи
594,594,Jangkungkusumo
595,595,Huangtan
596,596,Dodoma
597,597,Puyo
598,598,Hayes
599,599,Beloostrov
600,600,Jingmao
601,601,Sịa
602,602,Belfort
603,603,Yuchi
604,604,Shejiang
605,605,Tall Tamr
606,606,Besao
607,607,Angus
608,608,Vareiá
609,609,Kurba
610,610,Changgang
611,611,Xiongbei
612,612,Fria
613,613,Zhongdong
614,614,Niquelândia
615,615,Wadung
616,616,Les Sables-d'Olonne
617,617,Kobiernice
618,618,Sobreira
619,619,Rodatychi
620,620,Pimentel
621,621,Krosno Odrzańskie
622,622,Valdivia
623,623,Kaka
624,624,Berlin
625,625,Puteaux
626,626,Oleiros
627,627,As Sayyānī
628,628,Fuchun
629,629,Bone South
630,630,Ashgabat
631,631,Bojong
632,632,Nizhnyaya Tavda
633,633,La Fortuna
634,634,Teslić
635,635,Carrascal
636,636,Kemisē
637,637,Qiwen
638,638,San Jose
639,639,Kambove
640,640,Kovači
641,641,Shebekino
642,642,Hödrögö
643,643,Kotabaru
644,644,Zolochiv
645,645,Zhongdong
646,646,Bantar
647,647,Kuala Lumpur
648,648,Irving
649,649,Wenping
650,650,Dortmund
651,651,Huangze
652,652,Tena
653,653,Damai
654,654,Sankt Lorenzen im Mürztal
655,655,Cabaiguán
656,656,Visoko
657,657,Junliangcheng
658,658,Petaling Jaya
659,659,Arrën
660,660,Mazār-e Sharīf
661,661,Anning
662,662,Krasnofarfornyy
663,663,Surazh
664,664,Timba Lauk
665,665,Zinder
666,666,Tyrnyauz
667,667,Täby
668,668,Bang Yai
669,669,Kushnytsya
670,670,Heihe
671,671,Bayside
672,672,Devesa
673,673,Oakville
674,674,Shenzhengqiao
675,675,Victoria
676,676,Al Mashāf
677,677,Sergelen
678,678,Jobabo
679,679,Craigavon
680,680,Charikar
681,681,Longzhou
682,682,Derviçian
683,683,Binonga
684,684,Nyamanari
685,685,Rakičan
686,686,Tangban
687,687,Pila
688,688,Pasirhuni
689,689,Wieniawa
690,690,Monte Caseros
691,691,Chengnan
692,692,El Paso
693,693,Karajeun
694,694,Mae Sai
695,695,Santa Cruz
696,696,Piedrancha
697,697,Biliran
698,698,Four Cross Roads
699,699,Higuerote
700,700,Tworków
701,701,Huixing
702,702,Midland
703,703,Bolgar
704,704,Himeville
705,705,Kototujuh
706,706,Bruxelles
707,707,Telpaneca
708,708,Cikuray
709,709,Červené Pečky
710,710,Kolomanu
711,711,San Felipe
712,712,Xiagong
713,713,Xiajiashan
714,714,Guder
715,715,Svorónos
716,716,Lasi Dua
717,717,Debre Sīna
718,718,Karpushikha
719,719,Bolikhan
720,720,Louredo
721,721,Pará de Minas
722,722,Jinze
723,723,Chengyue
724,724,Nikita
725,725,Maria
726,726,Dampit Satu
727,727,Xianglan
728,728,Piippola
729,729,Sobral da Abelheira
730,730,Insrom
731,731,Glatik
732,732,Wanjiazhuang
733,733,Shangma
734,734,Bŭstonqal’a
735,735,Poste du Lac
736,736,Donabate
737,737,Jinxiang
738,738,Jawf al Maqbābah
739,739,Gaogu
740,740,Oodweyne
741,741,Černilov
742,742,El Carmen de Bolívar
743,743,Ngerengere
744,744,Quinta do Anjo
745,745,Mobile
746,746,Kikerino
747,747,Shangcun
748,748,Liliba
749,749,Maoping
750,750,Aristóbulo del Valle
751,751,Kobelyaky
752,752,Maleevsk
753,753,Barretos
754,754,Krajan Karangwage
755,755,Karanganyarkrajan
756,756,Yanggu’ao
757,757,George Town
758,758,Naranjal
759,759,Lagoa da Prata
760,760,Náklo
761,761,Radès
762,762,Aţ Ţaybah
763,763,Chanthaburi
764,764,Mehtar Lām
765,765,Yingjiang
766,766,Shaxi
767,767,Katagum
768,768,Aktau
769,769,Imeni Babushkina
770,770,Chenggang
771,771,Azovo
772,772,Hudlice
773,773,Arras
774,774,Sveg
775,775,Cajueiro
776,776,Ostrów Wielkopolski
777,777,Xiaohe
778,778,Oskarshamn
779,779,Ventanas
780,780,Saskatoon
781,781,Donim
782,782,Shuishiying
783,783,Huze
784,784,Weyburn
785,785,Firenze
786,786,Sambir
787,787,Bolorejo
788,788,Oakland
789,789,Alfeizerão
790,790,Manhan
791,791,Lolotique
792,792,Tiglauigan
793,793,Karanglo
794,794,Río Tercero
795,795,Ghormach
796,796,Kovel’
797,797,Estrada
798,798,Dazuo
799,799,Hīt
800,800,Koshigaya
801,801,Bom Conselho
802,802,Jayyūs
803,803,Saint-Paul
804,804,Knoxville
805,805,Xushuguan
806,806,Chornobay
807,807,Berón de Astrada
808,808,Zhongben
809,809,Huohua
810,810,Wufeng
811,811,Kafarati
812,812,Jishigang
813,813,Tartu
814,814,Olenegorsk
815,815,Mainque
816,816,Cikuray
817,817,Ciusul
818,818,Staraya Derevnya
819,819,Yanliang
820,820,Mucuri
821,821,Göteborg
822,822,Łomazy
823,823,Queluz de Baixo
824,824,Batgrām
825,825,Slawharad
826,826,Nanxi
827,827,Cunday
828,828,Malie
829,829,Dadoupu
830,830,Arrën
831,831,Tlutup
832,832,Niños Heroes
833,833,Shimabara
834,834,Sadov
835,835,Gempolan Wetan
836,836,Glyadyanskoye
837,837,Tengah
838,838,Bakunase
839,839,San José El Ídolo
840,840,Karangasem
841,841,Simão Dias
842,842,Itaí
843,843,Estância
844,844,Vazhiny
845,845,Burqah
846,846,Xiangfu
847,847,Metapán
848,848,Laliki
849,849,Rennes
850,850,Joutsa
851,851,Guarenas
852,852,Kyra
853,853,Atarodangwautu
854,854,Cihua
855,855,Phù Cát
856,856,Shunling
857,857,Maundai
858,858,Ágios Geórgios
859,859,Tsaghkunk’
860,860,Gaya
861,861,Iberia
862,862,Seremban
863,863,Novopokrovka
864,864,Chantilly
865,865,Dolati
866,866,Xiongshan
867,867,Jardim
868,868,Tajao
869,869,Johor Bahru
870,870,San Vicente
871,871,Chifeng
872,872,Pacatuba
873,873,Jianfeng
874,874,Kukurečani
875,875,Jiangkou
876,876,Jiangnan
877,877,East End
878,878,Figueiró dos Vinhos
879,879,Baratleke
880,880,Nong Bua
881,881,Rtyně v Podkrkonoší
882,882,Moulins
883,883,Hengjian
884,884,Ardabīl
885,885,Dallas
886,886,Xindian
887,887,Goya
888,888,Judita
889,889,Malešići
890,890,Ust-Kamenogorsk
891,891,Ellinikó
892,892,Maco
893,893,Sheli
894,894,Magdug
895,895,Vellinge
896,896,El Corpus
897,897,Chongwen
898,898,Changtan
899,899,Yege
900,900,Tlogowetan
901,901,Zhujiaqiao
902,902,Tacurong
903,903,Svay Rieng
904,904,Heichengzi
905,905,Margoyoso
906,906,Amadeo
907,907,San Antonio
908,908,Kwale
909,909,Aix-en-Provence
910,910,Sumberpinang Satu
911,911,Kangding
912,912,Zalishchyky
913,913,Los Angeles
914,914,Patarrá
915,915,Shido
916,916,Botoh
917,917,Akune
918,918,Pital
919,919,Santa Rita Aplaya
920,920,Pancoran
921,921,Caherconlish
922,922,Beiyuan
923,923,Troyits’ke
924,924,Likupang
925,925,Boulaouane
926,926,Bardalah
927,927,København
928,928,Kafr Takhārīm
929,929,Lazaro Cardenas
930,930,Waturoka
931,931,Madrid
932,932,Rízoma
933,933,Magtangol
934,934,Nyköping
935,935,Maanĭt
936,936,Smolyan
937,937,Huskvarna
938,938,Kalmar
939,939,Piggotts
940,940,Cherëmushki
941,941,Ribeirão Pires
942,942,Xiangshun
943,943,Arnelas
944,944,Pamedilan
945,945,Yablonovskiy
946,946,Sunbu
947,947,Tozkhurmato
948,948,Qintang
949,949,Fort McMurray
950,950,Rogachëvo
951,951,Soweto
952,952,Araal
953,953,Changzheng
954,954,Sydney
955,955,Mīrābād
956,956,Broumov
957,957,Kozhva
958,958,Kuala Lumpur
959,959,Kangasala
960,960,Ipiaú
961,961,Qaffīn
962,962,Skolkovo
963,963,Vale
964,964,Ugac Sur
965,965,Krajan Pakel
966,966,Sanski Most
967,967,Popova
968,968,Pasarkuok
969,969,Guanban
970,970,Halmstad
971,971,Mompós
972,972,Pojan
973,973,Myhove
974,974,Sakata
975,975,Oymak
976,976,Kveda Chkhorots’q’u
977,977,Zamora
978,978,Perniö
979,979,Bin Yauri
980,980,Alajuela
981,981,Dawung
982,982,Māymay
983,983,Talu
984,984,Nässjö
985,985,Xiahong
986,986,Jiuxian
987,987,Ulricehamn
988,988,Changchi
989,989,Qazax
990,990,Goúvai
991,991,Guandiping
992,992,Kthella e Epërme
993,993,Tanguá
994,994,Golina
995,995,Palma De Mallorca
996,996,Arroyo Seco
997,997,Pedro Miguel
998,998,Maturín
999,999,Ocoyo
1000,1000,Jiahu
